image_id,recommendation
063b1190-8045-4b6b-ae85-731475d82ca0.png,"Okay, let’s analyze this vegetation health data and provide practical recommendations for your farm. Based on the provided values, here’s a breakdown and prioritized recommendations, presented from a scientific and technical perspective:

**Overall Assessment:**

The farm currently exhibits a generally healthy vegetation state, indicating good overall growth and vigor. However, there’s a noticeable variation across the monitored areas – some areas are showing a bit of stress, while others are thriving.  The NDVI values are generally good, suggesting healthy plant development, but the MGRVI values indicate potential stress, indicating a need for focused attention.

**Detailed Analysis & Recommendations:**

Let’s break down the indices and then prioritize the recommendations:

1. **VNDVI (Vegetation Indices):**
   * **Value:** 0.1404364556074142 - This is a low NDVI value, signaling a lack of chlorophyll, indicating potential stress or nutrient deficiencies. It suggests limited photosynthesis, which is crucial for plant growth and vigor.
   * **Trend:**  The value is trending downwards, indicating a potential decline in greenness.

2. **MGRVI (Normalized Difference Vegetation Index):**
   * **Value:** 0.1134981065988541 -  This is a relatively stable value, confirming the generally good health of the vegetation. However, the slightly lower value than the NDVI points to a potential underlying issue that needs further investigation. 

3. **VARIANCE (Standard Deviation):**
    * **Value:** 0.08283848315477371 - A moderate VARI value indicates some variability within the monitored zones. This is a good starting point, but it’s important to monitor this over time to see if it escalates into a problem.

**Scientific & Technical Recommendations – Prioritized by Urgency & Impact:**

Here’s a ranked list of recommendations, based on urgency and potential impact on yield/quality:

**Priority 1: Immediate Action (Within the next 1-2 weeks)**

* **Soil Analysis:**  *Crucial*.  Vegetation indices are helpful, but soil health is fundamental.  A soil test will reveal nutrient deficiencies (nitrogen, phosphorus, potassium) or pH imbalances that are impacting plant health.  Addressing these deficiencies will significantly improve MGRVI and overall vigor.
* **Water Stress Assessment:** Use soil moisture sensors (if available) or simple visual observation to assess water availability across the fields.  Areas with low moisture levels will likely contribute to the low NDVI and potentially reduced MGRVI.

**Priority 2: Within the next 1-4 weeks**

* **MGRVI Monitoring & Analysis:**  Track MGRVI over time. Look for a consistent decline or a sharp decrease.  Investigate *why* this is happening – is it related to specific weather conditions, irrigation patterns, or a specific patch of the field?
* **Spot Surveys:** Conduct thorough, systematic surveys within the areas with lower NDVI and lower MGRVI. Identify the *specific* plants that are affected (e.g., drought-stressed trees, weeds that are suppressing growth).  Take detailed notes on any signs of disease, pest infestations, or nutrient deficiencies.
* **MGRVI Analysis by Zone:**  Analyze MGRVI across different zones. Determine if there are areas with consistently lower values and investigate these zones thoroughly.

**Priority 3: Medium-Term (Next 2-6 weeks)**

* **Variable Analysis (VARI):** Continuously monitor the VARI value.  A rising VARI indicates a potential for further stress.
* **Fertilization Planning:** Based on the soil test results, develop a targeted fertilization plan focusing on nitrogen, phosphorus, and potassium to address any deficiencies identified.
* **Drought Management:** Implement any existing or new drought mitigation strategies.

**Priority 4: Longer-Term (Ongoing)**

* **Regular Vegetation Index Monitoring:** Establish a consistent routine for monitoring NDVI and MGRVI.
* **Precision Agriculture:** Utilize sensor data and modeling to implement precision agriculture techniques (e.g., variable rate fertilization, targeted irrigation) to optimize resource use and improve yields.


**Important Considerations & Further Investigation:**

* **Weather Data:** Integrate weather data (temperature, rainfall, humidity) into the analysis to understand the drivers behind the vegetation health changes.
* **Crop Type:** The specific crop being grown significantly influences the vegetation indices and impacts.
* **Historical Data:** Review historical vegetation data for the area to identify trends and potential problems.

**Disclaimer:** *This analysis is based on the provided data and general agricultural knowledge.  A comprehensive assessment would require a thorough soil analysis, detailed field observations, and potentially, specialized vegetation mapping.*

To provide more tailored advice, could you tell me:

*   What type of crop are you growing?
*   What is the geographical location (region)?
*   What is the current season/weather conditions?"
0ad00024-7a7d-4891-9557-53bcc9430273.png,"Okay, let's analyze this vegetation data and provide actionable recommendations for your agricultural operations. Here’s a breakdown, considering the provided values and a prioritized ranking:

**Overall Situation Assessment:**

The data paints a relatively healthy picture, with good overall vegetation health. However, there's a slight imbalance in the indices, suggesting a potential for issues that we need to address proactively. MGRVI is exceptionally healthy (0.2 - 0.6), while VNDVI is moderate (0.1 - 0.5), and VARI is low (0.01686212792992592).  This suggests a potential for stress or under-nutrition in some areas.  We need to understand *why* these values are as they are.

**Detailed Analysis & Recommendations:**

1. **MGRVI – Exceptional Health (0.2 - 0.6):** This is the most critical point.  MGRVI consistently indicates robust vegetation vigor.  This suggests:
   * **Good Moisture Content:** Likely optimal for plant growth and biomass.
   * **Adequate Nutrient Availability:**  The levels of nutrients in the soil and available to the plants are probably very high.
   * **No Significant Stress:** There’s no evidence of drought, nutrient deficiency, or pest/disease pressure.
   * **Recommendation:**  **Maintain current practices.**  The current healthy condition indicates that these conditions are sustainable and likely beneficial for yield and productivity. We shouldn't significantly alter what’s working well.

2. **VNDVI – Moderate (0.1 - 0.5):**  This is a moderate level indicating sufficient photosynthetic activity and leaf area.
   * **Potential for Nutrient Deficiencies:** Moderate levels suggest potential deficiencies in certain key nutrients like nitrogen, phosphorus, or potassium, particularly if yields are inconsistent.
   * **Recommendation:** **Soil Testing is Critical.** Immediately conduct a soil analysis to determine specific nutrient needs.  Prioritize targeted fertilization based on the soil test results. Focus on balanced nutrient applications, likely with a nitrogen boost.

3. **VARI – Low (0.01686212792992592):** This indicates a lower level of variation in the plant population.
   * **Potential for Increased Susceptibility to Stress:** Low VARI can make a plant population more vulnerable to environmental fluctuations, diseases, or pests.
   * **Recommendation:** **Monitor closely.** Look for signs of stress (leaf discoloration, stunted growth) and proactively intervene if you notice early signs of vulnerability.

**Prioritized Recommendations (Based on Impact & Risk):**

1. **Soil Testing & Targeted Fertilization (Priority: High)**:  *This is the *most* critical action.*  A soil test will pinpoint nutrient deficiencies (nitrogen, phosphorus, potassium, micronutrients).  Base fertilizer application on the soil test results.  Start with slow-release fertilizers to minimize nutrient leaching.

2. **Monitor MGRVI Regularly (High Priority):**  While the overall picture is good, continue to monitor MGRVI weekly.  Any decrease in vigor should be a red flag.

3. **VNDVI Analysis - Phenotyping (Medium Priority):**  While the current VNDVI is acceptable, a deeper understanding of the plant population's vigor (using phenotyping – analyzing leaf angles, color, etc.) will help you understand how the population is distributing and what the implications are.

4. **VARI Analysis – Genetic Assessment (Medium Priority):**  Investigate if there are significant variations within the VNDVI.  Understanding the variability can help you tailor your management strategy.

5. **Irrigation Management (Medium Priority):**  With adequate moisture, ensure you have optimized irrigation practices to deliver water efficiently to crops.

**Technical Considerations & Further Investigation (To be done with Soil Analysis):**

* **Leaf Analysis:** Analyzing leaf color (chlorosis, yellowing) can provide valuable insights into nutrient deficiencies and stress.
* **Canopy Density:** Measuring canopy density can give a better indication of photosynthetic capacity.
* **Soil pH:** Testing and adjusting pH is vital for nutrient uptake.
* **Water Stress Indices:**  Calculate water stress indices (e.g., ETc – Estimated Evapotranspiration) to better understand the impact of drought and moisture.

**Important Disclaimer:**  These recommendations are based on the provided data and general agricultural principles. A complete assessment requires a thorough site-specific analysis.

To refine these recommendations further, I’d need more information about:

*   The specific crop being monitored.
*   Local climate and soil conditions.
*   History of yields and crop health."
